timestamp,open,high,low,close,volume
2024-07-26T00:00:00+00:00,3175.47,3286.36,3171.0,3274.61,260237.4641
2024-07-27T00:00:00+00:00,3274.6,3327.59,3191.01,3249.01,231991.9037
2024-07-28T00:00:00+00:00,3249.0,3284.3,3198.11,3270.16,103529.8329
2024-07-29T00:00:00+00:00,3270.16,3396.77,3258.0,3317.66,318471.5055
2024-07-30T00:00:00+00:00,3317.66,3366.4,3233.18,3279.21,197277.1641
2024-07-31T00:00:00+00:00,3279.2,3350.0,3213.75,3232.74,233711.3352
2024-08-01T00:00:00+00:00,3232.74,3242.57,3080.02,3203.4,323285.6105
2024-08-02T00:00:00+00:00,3203.4,3218.6,2967.0,2989.61,385704.0395
2024-08-03T00:00:00+00:00,2989.61,3018.02,2859.0,2903.64,344595.3157
2024-08-04T00:00:00+00:00,2903.65,2935.46,2630.0,2688.92,512064.2612
2024-08-05T00:00:00+00:00,2688.91,2697.44,2111.0,2419.59,2670604.1003
2024-08-06T00:00:00+00:00,2419.76,2556.23,2414.19,2461.33,642283.8038
2024-08-07T00:00:00+00:00,2461.33,2551.32,2309.04,2342.8,630115.4228
2024-08-08T00:00:00+00:00,2342.79,2724.1,2320.4,2682.5,586502.8754
2024-08-09T00:00:00+00:00,2682.5,2707.98,2552.61,2598.78,406739.9611
2024-08-10T00:00:00+00:00,2598.79,2644.7,2576.49,2609.92,171012.3619
2024-08-11T00:00:00+00:00,2609.92,2720.0,2540.0,2555.38,297098.9145
2024-08-12T00:00:00+00:00,2555.38,2750.0,2510.05,2722.3,483414.2506
2024-08-13T00:00:00+00:00,2722.3,2738.4,2611.37,2702.44,325668.6964
2024-08-14T00:00:00+00:00,2702.44,2780.0,2632.2,2661.45,338808.7141
2024-08-15T00:00:00+00:00,2661.45,2675.6,2515.71,2569.89,356546.8059
2024-08-16T00:00:00+00:00,2569.9,2630.97,2550.04,2592.73,270684.1373
2024-08-17T00:00:00+00:00,2592.72,2629.69,2587.5,2614.51,89348.676
2024-08-18T00:00:00+00:00,2614.51,2689.16,2594.53,2612.15,174074.0585
2024-08-19T00:00:00+00:00,2612.15,2648.08,2563.58,2636.36,224867.1336
2024-08-20T00:00:00+00:00,2636.36,2695.0,2555.0,2572.82,281315.8751
2024-08-21T00:00:00+00:00,2572.81,2663.74,2536.22,2630.71,245286.6218
2024-08-22T00:00:00+00:00,2630.71,2644.69,2584.2,2622.88,199063.1196
2024-08-23T00:00:00+00:00,2622.89,2799.13,2621.4,2762.48,401786.4447
2024-08-24T00:00:00+00:00,2762.49,2820.0,2731.26,2768.0,263542.9441
2024-08-25T00:00:00+00:00,2768.01,2792.28,2733.21,2746.13,154527.2352
2024-08-26T00:00:00+00:00,2746.12,2762.0,2666.66,2680.49,211708.1247
2024-08-27T00:00:00+00:00,2680.49,2699.98,2392.96,2457.33,412660.7197
2024-08-28T00:00:00+00:00,2457.33,2554.6,2418.8,2528.33,451266.634
2024-08-29T00:00:00+00:00,2528.33,2595.4,2505.88,2527.61,237002.9632
2024-08-30T00:00:00+00:00,2527.6,2552.17,2431.14,2526.0,338379.1941
2024-08-31T00:00:00+00:00,2525.99,2533.95,2491.92,2513.01,97946.1147
2024-09-01T00:00:00+00:00,2513.0,2516.28,2400.0,2425.72,223127.776
2024-09-02T00:00:00+00:00,2425.71,2564.83,2423.52,2538.01,262632.8385
2024-09-03T00:00:00+00:00,2538.0,2553.6,2411.12,2425.29,224793.1299
2024-09-04T00:00:00+00:00,2425.28,2490.0,2306.65,2450.71,384179.3854
2024-09-05T00:00:00+00:00,2450.71,2466.0,2348.04,2368.81,278549.0969
2024-09-06T00:00:00+00:00,2368.81,2408.83,2150.55,2225.23,643027.111
2024-09-07T00:00:00+00:00,2225.24,2311.27,2220.98,2273.58,219453.2076
2024-09-08T00:00:00+00:00,2273.58,2333.58,2240.94,2297.3,192775.6493
2024-09-09T00:00:00+00:00,2297.3,2381.41,2272.8,2359.5,321698.99
2024-09-10T00:00:00+00:00,2359.51,2400.0,2320.41,2388.52,224382.1729
2024-09-11T00:00:00+00:00,2388.52,2389.32,2277.68,2340.55,282898.3125
2024-09-12T00:00:00+00:00,2340.54,2391.93,2315.39,2361.76,202611.1308
2024-09-13T00:00:00+00:00,2361.75,2464.82,2337.35,2439.19,253888.616
2024-09-14T00:00:00+00:00,2439.19,2440.6,2376.72,2417.79,122931.2302
2024-09-15T00:00:00+00:00,2417.8,2430.32,2283.75,2316.1,174364.1946
2024-09-16T00:00:00+00:00,2316.09,2335.7,2252.39,2295.68,330555.232
2024-09-17T00:00:00+00:00,2295.67,2393.63,2263.29,2341.8,274206.2588
2024-09-18T00:00:00+00:00,2341.79,2376.14,2277.34,2374.75,292917.6008
2024-09-19T00:00:00+00:00,2374.74,2494.95,2372.6,2465.21,326746.032
2024-09-20T00:00:00+00:00,2465.21,2571.93,2437.31,2561.4,340754.5912
2024-09-21T00:00:00+00:00,2561.4,2623.34,2528.97,2612.4,154757.8773
2024-09-22T00:00:00+00:00,2612.4,2632.57,2524.58,2581.0,214266.3257
2024-09-23T00:00:00+00:00,2580.99,2702.82,2539.49,2646.97,333282.0149
2024-09-24T00:00:00+00:00,2646.98,2670.96,2591.56,2653.2,288600.0402
2024-09-25T00:00:00+00:00,2653.2,2673.5,2554.05,2579.95,220343.4293
2024-09-26T00:00:00+00:00,2580.09,2666.22,2559.2,2632.26,278686.3573
2024-09-27T00:00:00+00:00,2632.25,2728.6,2615.21,2694.43,281826.9792
2024-09-28T00:00:00+00:00,2694.43,2704.35,2650.0,2675.21,137230.0342
2024-09-29T00:00:00+00:00,2675.21,2683.7,2629.73,2657.62,160554.3146
2024-09-30T00:00:00+00:00,2657.62,2663.5,2575.0,2602.23,282475.7961
2024-10-01T00:00:00+00:00,2602.24,2659.0,2414.0,2447.79,502828.6804
2024-10-02T00:00:00+00:00,2447.78,2499.0,2352.0,2364.1,317484.735
2024-10-03T00:00:00+00:00,2364.09,2403.38,2310.0,2349.8,314635.9263
2024-10-04T00:00:00+00:00,2349.8,2441.64,2339.15,2414.41,239383.017
2024-10-05T00:00:00+00:00,2414.41,2428.23,2390.05,2414.66,103740.2316
2024-10-06T00:00:00+00:00,2414.66,2457.8,2407.0,2440.03,105752.7096
2024-10-07T00:00:00+00:00,2440.02,2521.0,2403.0,2422.71,300459.5407
2024-10-08T00:00:00+00:00,2422.7,2466.66,2401.18,2440.89,201358.3312
2024-10-09T00:00:00+00:00,2440.88,2473.61,2351.42,2370.47,242082.2725
2024-10-10T00:00:00+00:00,2370.47,2421.36,2330.66,2386.49,257862.9619
2024-10-11T00:00:00+00:00,2386.49,2471.45,2381.86,2439.5,235441.2197
2024-10-12T00:00:00+00:00,2439.49,2490.51,2434.35,2476.4,139637.5062
2024-10-13T00:00:00+00:00,2476.4,2484.92,2436.4,2468.91,120022.8179
2024-10-14T00:00:00+00:00,2468.92,2654.0,2443.39,2629.79,435900.1619
2024-10-15T00:00:00+00:00,2629.79,2688.6,2537.36,2607.41,416285.6663
2024-10-16T00:00:00+00:00,2607.41,2647.79,2588.67,2611.1,260322.4242
2024-10-17T00:00:00+00:00,2611.1,2648.37,2575.4,2605.8,221624.5434
2024-10-18T00:00:00+00:00,2605.79,2675.58,2596.49,2642.17,292444.1153
2024-10-19T00:00:00+00:00,2642.17,2663.49,2631.02,2648.2,105413.7646
2024-10-20T00:00:00+00:00,2648.2,2759.0,2635.54,2746.91,256910.7448
2024-10-21T00:00:00+00:00,2746.91,2769.48,2655.01,2666.7,310674.7232
2024-10-22T00:00:00+00:00,2666.71,2671.92,2606.56,2622.81,265747.713
2024-10-23T00:00:00+00:00,2622.81,2628.2,2450.0,2524.61,352647.7086
2024-10-24T00:00:00+00:00,2524.6,2562.65,2507.31,2535.82,290851.7842
2024-10-25T00:00:00+00:00,2535.82,2566.33,2382.59,2440.62,514799.8822
2024-10-26T00:00:00+00:00,2440.63,2508.0,2430.12,2482.51,248724.8313
2024-10-27T00:00:00+00:00,2482.51,2527.99,2464.13,2507.8,137580.8836
2024-10-28T00:00:00+00:00,2507.8,2589.67,2471.67,2567.48,360605.327
2024-10-29T00:00:00+00:00,2567.49,2681.86,2561.2,2638.8,451915.7025
2024-10-30T00:00:00+00:00,2638.8,2722.3,2599.66,2659.19,460627.126
2024-10-31T00:00:00+00:00,2659.19,2669.0,2503.0,2518.61,403427.2017
2024-11-01T00:00:00+00:00,2518.61,2586.8,2467.67,2511.49,430249.1073
2024-11-02T00:00:00+00:00,2511.49,2523.45,2470.0,2494.23,145961.13
2024-11-03T00:00:00+00:00,2494.23,2496.39,2411.0,2457.73,276009.1197
2024-11-04T00:00:00+00:00,2457.73,2491.39,2357.59,2398.21,306316.9645
2024-11-05T00:00:00+00:00,2398.21,2480.0,2380.74,2422.55,331619.2545
2024-11-06T00:00:00+00:00,2422.6,2744.7,2420.3,2721.87,1002141.3618
2024-11-07T00:00:00+00:00,2721.88,2916.11,2699.49,2895.47,730845.9524
2024-11-08T00:00:00+00:00,2895.47,2981.69,2886.4,2961.75,568864.435
2024-11-09T00:00:00+00:00,2961.75,3157.4,2953.71,3126.21,526719.4212
2024-11-10T00:00:00+00:00,3126.2,3248.52,3069.0,3183.21,865536.7322
2024-11-11T00:00:00+00:00,3183.2,3387.61,3105.0,3371.59,1000093.9664
2024-11-12T00:00:00+00:00,3371.59,3442.5,3207.67,3243.8,973215.7285
2024-11-13T00:00:00+00:00,3243.79,3331.0,3116.69,3187.16,919686.3747
2024-11-14T00:00:00+00:00,3187.16,3240.4,3028.56,3058.82,605780.6662
2024-11-15T00:00:00+00:00,3058.81,3131.06,3014.5,3090.01,519623.6317
2024-11-16T00:00:00+00:00,3090.01,3219.97,3072.0,3132.87,423639.1573
2024-11-17T00:00:00+00:00,3132.88,3162.11,3034.99,3076.0,449818.9575
2024-11-18T00:00:00+00:00,3075.99,3224.94,3050.01,3207.8,640658.4357
2024-11-19T00:00:00+00:00,3207.81,3221.2,3065.4,3107.44,500112.0194
2024-11-20T00:00:00+00:00,3107.45,3159.2,3029.41,3069.97,503607.8336
2024-11-21T00:00:00+00:00,3069.97,3386.73,3032.59,3355.81,974923.3035
2024-11-22T00:00:00+00:00,3355.88,3425.92,3257.54,3327.78,603273.7093
2024-11-23T00:00:00+00:00,3327.78,3497.51,3312.72,3393.91,721024.0009
2024-11-24T00:00:00+00:00,3393.91,3450.0,3281.4,3361.2,479098.0921
2024-11-25T00:00:00+00:00,3361.21,3546.66,3300.01,3414.49,949330.37
2024-11-26T00:00:00+00:00,3414.49,3462.49,3252.0,3324.73,672367.1503
2024-11-27T00:00:00+00:00,3324.74,3684.92,3302.4,3653.28,754573.6485
2024-11-28T00:00:00+00:00,3653.27,3661.92,3529.76,3578.79,560976.425
2024-11-29T00:00:00+00:00,3578.8,3647.98,3534.28,3592.21,425493.2449
2024-11-30T00:00:00+00:00,3592.22,3738.98,3568.4,3703.6,503684.7485
2024-12-01T00:00:00+00:00,3703.59,3746.8,3659.2,3707.61,429089.2633
2024-12-02T00:00:00+00:00,3707.61,3760.0,3554.32,3643.42,737130.569
2024-12-03T00:00:00+00:00,3643.43,3670.0,3500.0,3614.51,678400.2032
2024-12-04T00:00:00+00:00,3614.51,3887.24,3614.51,3837.8,968744.0399
2024-12-05T00:00:00+00:00,3837.8,3956.0,3677.0,3785.2,946493.276
2024-12-06T00:00:00+00:00,3785.21,4087.73,3777.26,3998.87,803855.1146
2024-12-07T00:00:00+00:00,3998.87,4024.46,3968.0,3996.22,283920.02
2024-12-08T00:00:00+00:00,3996.22,4015.58,3923.5,4004.15,251362.1685
2024-12-09T00:00:00+00:00,4004.15,4006.17,3509.0,3712.0,939642.2001
2024-12-10T00:00:00+00:00,3712.0,3780.76,3515.89,3628.25,942206.0337
2024-12-11T00:00:00+00:00,3628.24,3848.64,3562.34,3831.81,461818.7801
2024-12-12T00:00:00+00:00,3831.82,3987.41,3796.8,3881.61,572098.6343
2024-12-13T00:00:00+00:00,3881.6,3968.47,3852.94,3906.8,387765.6873
2024-12-14T00:00:00+00:00,3906.8,3945.0,3825.03,3870.29,265538.9479
2024-12-15T00:00:00+00:00,3870.3,3974.61,3831.5,3959.09,253833.2141
2024-12-16T00:00:00+00:00,3959.09,4107.8,3884.0,3986.24,673351.0723
2024-12-17T00:00:00+00:00,3986.24,4041.82,3847.96,3893.01,450825.9861
2024-12-18T00:00:00+00:00,3893.01,3907.19,3617.42,3626.8,722505.0618
2024-12-19T00:00:00+00:00,3626.8,3720.0,3326.8,3417.01,1078153.4851
2024-12-20T00:00:00+00:00,3417.01,3497.84,3101.9,3472.21,1332783.731
2024-12-21T00:00:00+00:00,3472.2,3555.18,3293.11,3338.92,475275.82
2024-12-22T00:00:00+00:00,3338.92,3403.0,3221.1,3281.83,361920.2495
2024-12-23T00:00:00+00:00,3281.83,3466.99,3216.97,3422.53,488253.41
2024-12-24T00:00:00+00:00,3422.53,3539.65,3358.19,3493.18,315723.6763
2024-12-25T00:00:00+00:00,3493.17,3547.95,3440.93,3497.0,219846.0452
2024-12-26T00:00:00+00:00,3497.0,3514.94,3304.63,3335.05,310170.1719
2024-12-27T00:00:00+00:00,3335.04,3444.16,3306.6,3333.51,342529.6038
2024-12-28T00:00:00+00:00,3333.51,3428.68,3322.23,3404.0,175963.613
2024-12-29T00:00:00+00:00,3404.01,3413.78,3326.17,3356.48,156256.8819
2024-12-30T00:00:00+00:00,3356.48,3437.59,3305.0,3361.84,420794.6476
2024-12-31T00:00:00+00:00,3361.83,3451.0,3315.59,3337.78,303053.1685
2025-01-01T00:00:00+00:00,3337.78,3374.85,3313.88,3360.38,190238.5861
2025-01-02T00:00:00+00:00,3360.39,3509.99,3354.5,3455.67,338632.8874
2025-01-03T00:00:00+00:00,3455.68,3630.0,3423.44,3609.01,334041.0604
2025-01-04T00:00:00+00:00,3609.0,3671.6,3572.42,3656.88,229266.3133
2025-01-05T00:00:00+00:00,3656.88,3675.25,3593.7,3635.99,155444.1741
2025-01-06T00:00:00+00:00,3636.0,3744.83,3610.63,3687.45,329642.3648
2025-01-07T00:00:00+00:00,3687.44,3700.86,3356.31,3381.31,541543.2874
2025-01-08T00:00:00+00:00,3381.31,3415.1,3208.2,3327.29,584749.9627
2025-01-09T00:00:00+00:00,3327.29,3357.27,3158.0,3219.2,501818.4247
2025-01-10T00:00:00+00:00,3219.2,3322.49,3193.97,3267.04,454142.1333
2025-01-11T00:00:00+00:00,3267.05,3320.18,3217.56,3282.83,151679.7487
2025-01-12T00:00:00+00:00,3282.83,3300.0,3224.49,3267.3,164879.9709
2025-01-13T00:00:00+00:00,3267.3,3339.0,2920.0,3137.51,845907.5669
2025-01-14T00:00:00+00:00,3137.51,3256.67,3125.65,3225.63,374308.4517
2025-01-15T00:00:00+00:00,3225.63,3473.75,3186.36,3451.52,464188.034
2025-01-16T00:00:00+00:00,3451.51,3460.79,3265.44,3308.05,471282.6787
2025-01-17T00:00:00+00:00,3308.04,3525.72,3307.5,3473.63,518550.1813
2025-01-18T00:00:00+00:00,3473.64,3494.39,3227.0,3307.71,634197.1281
2025-01-19T00:00:00+00:00,3307.71,3448.99,3130.48,3215.12,1342301.5217
2025-01-20T00:00:00+00:00,3215.2,3453.69,3142.78,3284.0,1158354.7814
2025-01-21T00:00:00+00:00,3283.99,3368.0,3204.6,3327.54,548706.0513
2025-01-22T00:00:00+00:00,3327.55,3365.99,3222.85,3242.6,349240.7498
2025-01-23T00:00:00+00:00,3242.61,3347.97,3185.0,3338.21,605592.7225
2025-01-24T00:00:00+00:00,3338.22,3428.0,3275.9,3310.09,451524.2752
2025-01-25T00:00:00+00:00,3310.1,3350.68,3268.66,3318.77,208559.0415
2025-01-26T00:00:00+00:00,3318.76,3362.0,3230.0,3232.61,272165.469
2025-01-27T00:00:00+00:00,3232.61,3253.91,3020.01,3182.44,753004.7529
2025-01-28T00:00:00+00:00,3182.44,3223.01,3040.03,3077.72,350959.7173
2025-01-29T00:00:00+00:00,3077.72,3182.52,3054.06,3113.9,409737.2576
2025-01-30T00:00:00+00:00,3113.9,3283.43,3091.06,3247.39,350639.4823
2025-01-31T00:00:00+00:00,3247.38,3437.31,3213.8,3300.99,648681.6561
2025-02-01T00:00:00+00:00,3300.99,3331.98,3101.7,3117.54,354065.2525
2025-02-02T00:00:00+00:00,3117.54,3163.2,2750.71,2869.68,1050805.93
2025-02-03T00:00:00+00:00,2869.68,2921.0,2125.01,2879.9,2807979.021
2025-02-04T00:00:00+00:00,2879.89,2888.5,2632.6,2731.19,1259594.3919
2025-02-05T00:00:00+00:00,2731.19,2826.95,2699.13,2788.25,686593.0429
2025-02-06T00:00:00+00:00,2788.25,2857.64,2655.28,2686.64,719459.9571
2025-02-07T00:00:00+00:00,2686.63,2797.5,2562.51,2622.1,695467.3612
2025-02-08T00:00:00+00:00,2622.11,2667.3,2588.8,2632.46,379685.1509
2025-02-09T00:00:00+00:00,2632.46,2698.9,2520.02,2627.18,387166.7911
2025-02-10T00:00:00+00:00,2627.18,2693.79,2559.85,2661.19,398173.2716
2025-02-11T00:00:00+00:00,2661.19,2725.04,2558.24,2602.59,484196.1435
2025-02-12T00:00:00+00:00,2602.59,2795.45,2546.92,2738.27,646295.8959
2025-02-13T00:00:00+00:00,2738.27,2757.28,2612.76,2675.87,443769.2853
2025-02-14T00:00:00+00:00,2675.87,2791.78,2664.46,2725.95,419895.7862
2025-02-15T00:00:00+00:00,2725.95,2739.0,2662.28,2693.04,202971.4295
2025-02-16T00:00:00+00:00,2693.04,2727.31,2651.26,2661.41,191231.5314
2025-02-17T00:00:00+00:00,2661.41,2849.7,2637.71,2744.05,639739.8197
2025-02-18T00:00:00+00:00,2744.05,2756.93,2605.44,2671.99,604863.8737
2025-02-19T00:00:00+00:00,2672.0,2736.7,2656.03,2715.5,326154.0202
2025-02-20T00:00:00+00:00,2715.51,2770.59,2707.18,2738.04,336735.2544
2025-02-21T00:00:00+00:00,2738.04,2845.32,2616.72,2663.0,890440.0604
2025-02-22T00:00:00+00:00,2663.0,2798.07,2653.33,2763.22,444989.6669
2025-02-23T00:00:00+00:00,2763.23,2857.34,2745.41,2819.69,611002.1222
2025-02-24T00:00:00+00:00,2819.7,2839.95,2470.33,2513.52,876876.3707
2025-02-25T00:00:00+00:00,2513.52,2533.49,2313.49,2495.7,1322016.8718
2025-02-26T00:00:00+00:00,2495.69,2507.5,2253.77,2336.37,863087.2133
2025-02-27T00:00:00+00:00,2336.38,2381.6,2230.57,2307.72,637583.9106
2025-02-28T00:00:00+00:00,2307.72,2314.18,2076.26,2237.59,1291539.0557
2025-03-01T00:00:00+00:00,2237.59,2281.14,2142.73,2217.39,446430.7271
2025-03-02T00:00:00+00:00,2217.4,2550.58,2172.04,2518.11,1266684.7748
2025-03-03T00:00:00+00:00,2518.12,2523.56,2097.91,2149.01,1109565.2003
2025-03-04T00:00:00+00:00,2149.02,2221.88,1993.2,2171.51,1257822.3372
2025-03-05T00:00:00+00:00,2171.5,2273.51,2155.03,2241.59,687130.7897
2025-03-06T00:00:00+00:00,2241.59,2319.99,2176.9,2202.2,596908.3935
2025-03-07T00:00:00+00:00,2202.21,2258.47,2101.82,2141.6,782387.2606
2025-03-08T00:00:00+00:00,2141.6,2234.93,2105.06,2203.58,328793.0979
2025-03-09T00:00:00+00:00,2203.57,2212.0,1989.66,2020.41,601671.5882
2025-03-10T00:00:00+00:00,2020.43,2152.4,1810.01,1865.1,1248745.3514
2025-03-11T00:00:00+00:00,1865.11,1963.2,1754.28,1923.43,1171427.9995
2025-03-12T00:00:00+00:00,1923.42,1960.0,1829.72,1908.2,788739.6763
2025-03-13T00:00:00+00:00,1908.2,1923.09,1821.81,1864.59,569537.2622
2025-03-14T00:00:00+00:00,1864.59,1945.64,1861.31,1911.65,375805.7355
2025-03-15T00:00:00+00:00,1911.64,1957.19,1903.75,1937.17,209545.8675
2025-03-16T00:00:00+00:00,1937.18,1940.87,1860.38,1887.0,324766.6564
2025-03-17T00:00:00+00:00,1887.01,1952.4,1879.98,1926.31,334840.4877
2025-03-18T00:00:00+00:00,1926.3,1936.2,1872.31,1931.54,332896.0155
2025-03-19T00:00:00+00:00,1931.54,2069.9,1927.58,2056.06,691809.5034
2025-03-20T00:00:00+00:00,2056.05,2067.9,1952.17,1983.79,401518.9282
2025-03-21T00:00:00+00:00,1983.79,1996.73,1937.1,1965.75,262641.659
2025-03-22T00:00:00+00:00,1965.74,2006.61,1964.34,1980.69,170782.9574
2025-03-23T00:00:00+00:00,1980.68,2020.74,1976.81,2005.99,268707.5233
2025-03-24T00:00:00+00:00,2005.99,2104.11,1977.67,2081.2,477912.8154
2025-03-25T00:00:00+00:00,2081.2,2097.7,2037.08,2066.15,328765.3292
2025-03-26T00:00:00+00:00,2066.16,2079.21,1981.6,2009.52,428975.3286
2025-03-27T00:00:00+00:00,2009.52,2037.38,1987.06,2003.66,360634.8383
2025-03-28T00:00:00+00:00,2003.67,2015.93,1860.0,1896.9,626167.5832
2025-03-29T00:00:00+00:00,1896.9,1913.6,1797.2,1828.08,409769.7555
2025-03-30T00:00:00+00:00,1828.09,1849.01,1767.69,1807.74,327843.4476
2025-03-31T00:00:00+00:00,1807.74,1854.22,1776.75,1822.43,497854.9052
2025-04-01T00:00:00+00:00,1822.43,1927.9,1817.88,1904.98,452989.0974
2025-04-02T00:00:00+00:00,1904.98,1957.0,1781.53,1795.22,750840.7823
2025-04-03T00:00:00+00:00,1795.21,1845.26,1750.0,1817.23,508075.018
2025-04-04T00:00:00+00:00,1817.23,1835.68,1758.72,1816.87,572734.4702
2025-04-05T00:00:00+00:00,1816.88,1827.29,1764.39,1806.01,201716.2696
2025-04-06T00:00:00+00:00,1806.02,1817.0,1537.5,1580.76,979847.0958
2025-04-07T00:00:00+00:00,1580.77,1639.0,1411.01,1553.04,2168796.0067
2025-04-08T00:00:00+00:00,1553.04,1618.67,1441.3,1473.41,891846.1327
2025-04-09T00:00:00+00:00,1473.41,1689.0,1385.05,1669.51,1968530.9138
2025-04-10T00:00:00+00:00,1669.51,1669.85,1471.02,1522.25,911855.3934
2025-04-11T00:00:00+00:00,1522.24,1591.47,1504.63,1566.85,578484.3183
2025-04-12T00:00:00+00:00,1566.85,1669.59,1546.06,1644.18,501867.9033
2025-04-13T00:00:00+00:00,1644.19,1649.75,1562.01,1597.76,580136.6145
2025-04-14T00:00:00+00:00,1597.76,1691.5,1595.56,1623.77,645930.1419
2025-04-15T00:00:00+00:00,1623.78,1661.21,1583.12,1588.78,476178.8915
2025-04-16T00:00:00+00:00,1588.77,1613.66,1538.07,1577.14,611387.8686
2025-04-17T00:00:00+00:00,1577.15,1616.96,1563.2,1583.62,449870.3628
2025-04-18T00:00:00+00:00,1583.63,1600.64,1573.54,1588.6,200409.0359
2025-04-19T00:00:00+00:00,1588.6,1631.81,1585.01,1613.27,223096.3899
2025-04-20T00:00:00+00:00,1613.26,1619.19,1565.59,1587.36,276052.2306
2025-04-21T00:00:00+00:00,1587.36,1658.75,1564.07,1579.57,691486.6667
2025-04-22T00:00:00+00:00,1579.57,1778.0,1537.26,1756.26,1103036.9586
2025-04-23T00:00:00+00:00,1756.25,1834.86,1744.95,1795.07,887545.6316
2025-04-24T00:00:00+00:00,1795.08,1802.82,1722.9,1769.65,483465.0385
2025-04-25T00:00:00+00:00,1769.64,1827.32,1738.6,1784.6,595610.8894
2025-04-26T00:00:00+00:00,1784.6,1841.16,1778.94,1820.88,355068.0442
2025-04-27T00:00:00+00:00,1820.87,1857.47,1781.9,1791.29,340332.6435
2025-04-28T00:00:00+00:00,1791.29,1827.98,1744.71,1799.88,587269.743
2025-04-29T00:00:00+00:00,1799.88,1842.99,1780.47,1797.81,480456.3884
2025-04-30T00:00:00+00:00,1797.81,1816.8,1731.7,1793.61,473523.9877
2025-05-01T00:00:00+00:00,1793.62,1873.17,1792.52,1838.11,537198.7291
2025-05-02T00:00:00+00:00,1838.1,1871.0,1813.0,1842.2,410667.875
2025-05-03T00:00:00+00:00,1842.2,1848.6,1810.0,1833.52,213751.5979
2025-05-04T00:00:00+00:00,1833.52,1849.95,1803.0,1808.86,238254.3564
2025-05-05T00:00:00+00:00,1808.86,1833.55,1781.85,1820.19,342341.0078
2025-05-06T00:00:00+00:00,1820.19,1820.9,1752.0,1817.0,384584.2451
2025-05-07T00:00:00+00:00,1817.0,1850.0,1787.01,1811.11,456170.0705
2025-05-08T00:00:00+00:00,1811.11,2226.0,1808.71,2207.39,1473152.686
2025-05-09T00:00:00+00:00,2207.39,2490.77,2184.33,2345.04,1667041.0382
2025-05-10T00:00:00+00:00,2345.04,2600.0,2317.0,2583.23,979350.1606
2025-05-11T00:00:00+00:00,2583.22,2608.13,2435.51,2514.57,831584.3888
2025-05-12T00:00:00+00:00,2514.58,2624.0,2406.63,2495.47,1068680.9433
2025-05-13T00:00:00+00:00,2495.48,2738.5,2415.3,2679.71,1031355.6465
2025-05-14T00:00:00+00:00,2679.71,2725.99,2547.26,2609.74,830047.1122
2025-05-15T00:00:00+00:00,2609.75,2647.03,2476.03,2548.69,768954.0332
2025-05-16T00:00:00+00:00,2548.7,2649.31,2529.4,2537.12,605953.6919
2025-05-17T00:00:00+00:00,2537.13,2538.16,2446.42,2475.08,494333.2782
2025-05-18T00:00:00+00:00,2475.09,2587.61,2323.21,2497.78,810103.1851
2025-05-19T00:00:00+00:00,2497.78,2547.36,2348.38,2528.14,861747.523
2025-05-20T00:00:00+00:00,2528.14,2588.63,2442.4,2524.19,676989.1747
2025-05-21T00:00:00+00:00,2524.19,2615.95,2452.2,2550.99,1095890.2902
2025-05-22T00:00:00+00:00,2551.0,2692.99,2544.83,2664.82,852555.6669
2025-05-23T00:00:00+00:00,2664.83,2734.23,2498.3,2526.5,971442.4532
2025-05-24T00:00:00+00:00,2526.49,2575.85,2515.08,2530.4,257544.2344
2025-05-25T00:00:00+00:00,2530.41,2554.26,2463.0,2551.22,359890.0299
2025-05-26T00:00:00+00:00,2551.22,2599.0,2525.86,2563.7,362971.1182
2025-05-27T00:00:00+00:00,2563.7,2712.36,2509.46,2660.81,798430.8862
2025-05-28T00:00:00+00:00,2660.81,2689.14,2608.5,2681.6,560095.6833
2025-05-29T00:00:00+00:00,2681.61,2788.0,2619.05,2631.39,811567.2545
2025-05-30T00:00:00+00:00,2631.39,2649.23,2507.35,2531.34,763045.2564
2025-05-31T00:00:00+00:00,2531.35,2550.34,2475.33,2528.06,394537.2521
2025-06-01T00:00:00+00:00,2528.06,2547.79,2468.56,2539.21,332021.7088
2025-06-02T00:00:00+00:00,2539.2,2615.0,2475.0,2607.41,468889.9737
2025-06-03T00:00:00+00:00,2607.42,2655.38,2575.0,2593.36,454383.0439
2025-06-04T00:00:00+00:00,2593.35,2679.88,2583.5,2607.68,502494.8214
2025-06-05T00:00:00+00:00,2607.68,2640.86,2391.66,2414.01,808938.0344
2025-06-06T00:00:00+00:00,2414.02,2531.36,2381.49,2476.1,578843.4974
2025-06-07T00:00:00+00:00,2476.1,2544.36,2457.0,2524.63,264787.6743
2025-06-08T00:00:00+00:00,2524.64,2548.63,2490.58,2509.83,266474.7139
2025-06-09T00:00:00+00:00,2509.84,2693.99,2477.73,2680.13,568726.3025
2025-06-10T00:00:00+00:00,2680.13,2827.0,2655.61,2816.4,1138405.4775
2025-06-11T00:00:00+00:00,2816.41,2879.22,2743.75,2771.61,850210.9324
2025-06-12T00:00:00+00:00,2771.6,2784.83,2616.24,2642.65,699593.3757
2025-06-13T00:00:00+00:00,2642.66,2645.45,2436.98,2579.19,1202176.2972
2025-06-14T00:00:00+00:00,2579.19,2579.43,2488.72,2530.76,331438.9278
2025-06-15T00:00:00+00:00,2530.77,2559.51,2492.0,2547.61,299701.6624
2025-06-16T00:00:00+00:00,2547.62,2680.34,2514.85,2544.17,680429.988
2025-06-17T00:00:00+00:00,2544.17,2618.6,2453.8,2509.95,715930.4081
2025-06-18T00:00:00+00:00,2509.95,2548.42,2465.78,2525.0,504532.1818
2025-06-19T00:00:00+00:00,2525.0,2546.91,2485.03,2521.12,252646.059
2025-06-20T00:00:00+00:00,2521.13,2569.0,2367.36,2406.49,632027.8235
2025-06-21T00:00:00+00:00,2406.49,2448.8,2216.0,2295.73,496783.864
2025-06-22T00:00:00+00:00,2295.72,2314.48,2111.89,2227.7,840155.8295
2025-06-23T00:00:00+00:00,2227.7,2438.68,2188.0,2411.66,744583.8003
2025-06-24T00:00:00+00:00,2411.66,2482.04,2376.11,2448.45,516760.6621
2025-06-25T00:00:00+00:00,2448.46,2468.69,2389.69,2418.49,414894.7387
2025-06-26T00:00:00+00:00,2418.5,2520.92,2394.32,2415.96,463704.0261
2025-06-27T00:00:00+00:00,2415.96,2463.54,2382.53,2423.17,381474.766
2025-06-28T00:00:00+00:00,2423.17,2447.8,2405.81,2435.62,155814.9859
2025-06-29T00:00:00+00:00,2435.62,2525.0,2412.0,2500.09,284291.8057
2025-06-30T00:00:00+00:00,2500.09,2524.3,2431.0,2485.47,440455.714
2025-07-01T00:00:00+00:00,2485.47,2500.8,2386.52,2405.01,351951.0868
2025-07-02T00:00:00+00:00,2405.01,2619.28,2373.0,2570.41,634967.0337
2025-07-03T00:00:00+00:00,2570.41,2635.5,2556.12,2591.25,504943.6592
2025-07-04T00:00:00+00:00,2591.26,2603.17,2474.24,2508.04,452593.02
2025-07-05T00:00:00+00:00,2508.04,2529.81,2487.95,2516.41,157198.0958
2025-07-06T00:00:00+00:00,2516.42,2605.0,2503.5,2570.35,277593.6319
2025-07-07T00:00:00+00:00,2570.35,2590.57,2512.0,2542.29,315707.5272
2025-07-08T00:00:00+00:00,2542.3,2628.21,2523.59,2615.25,370915.7321
2025-07-09T00:00:00+00:00,2615.25,2795.74,2589.78,2768.74,686119.3772
2025-07-10T00:00:00+00:00,2768.74,3000.0,2755.5,2951.29,951896.07
2025-07-11T00:00:00+00:00,2951.29,3040.15,2913.75,2958.22,906839.1689
2025-07-12T00:00:00+00:00,2958.21,2979.78,2903.85,2943.28,348884.8877
2025-07-13T00:00:00+00:00,2943.29,3020.31,2936.49,2972.03,357333.5016
2025-07-14T00:00:00+00:00,2972.03,3083.0,2962.81,3013.62,815552.6496
2025-07-15T00:00:00+00:00,3013.61,3144.14,2932.46,3137.89,863583.7377
2025-07-16T00:00:00+00:00,3137.9,3425.0,3101.0,3371.35,1135950.5831
2025-07-17T00:00:00+00:00,3371.35,3523.44,3310.77,3476.87,974065.8264
2025-07-18T00:00:00+00:00,3476.88,3673.84,3458.68,3546.92,1163823.3977
2025-07-19T00:00:00+00:00,3546.92,3608.3,3506.79,3592.01,381791.9213
2025-07-20T00:00:00+00:00,3592.0,3824.56,3579.13,3756.69,852356.5533
2025-07-21T00:00:00+00:00,3756.69,3860.0,3701.01,3762.33,812074.0534
2025-07-22T00:00:00+00:00,3762.32,3798.65,3616.54,3746.21,870127.3864
2025-07-23T00:00:00+00:00,3746.21,3764.2,3527.0,3628.29,800259.4025
2025-07-24T00:00:00+00:00,3628.29,3771.0,3502.85,3706.94,749459.495
2025-07-25T00:00:00+00:00,3706.95,3747.0,3573.76,3724.96,764606.7261
2025-07-26T00:00:00+00:00,3724.97,3793.0,3697.66,3741.1,407259.7024
2025-07-27T00:00:00+00:00,3741.11,3879.82,3731.0,3872.1,457352.4605
2025-07-28T00:00:00+00:00,3872.11,3941.0,3754.0,3799.0,620994.7463
2025-07-29T00:00:00+00:00,3799.0,3886.44,3716.04,3793.79,584210.4393
2025-07-30T00:00:00+00:00,3793.79,3834.03,3677.65,3810.0,525424.9003
2025-07-31T00:00:00+00:00,3810.0,3878.67,3684.33,3698.39,516088.4503
2025-08-01T00:00:00+00:00,3698.39,3724.02,3431.75,3488.2,783869.1517
2025-08-02T00:00:00+00:00,3488.21,3537.69,3368.29,3393.94,494195.7094
2025-08-03T00:00:00+00:00,3393.94,3521.79,3354.28,3496.74,296347.6758
2025-08-04T00:00:00+00:00,3496.75,3736.73,3490.73,3720.99,463349.9861
2025-08-05T00:00:00+00:00,3720.99,3722.24,3546.0,3612.0,489070.9589
2025-08-06T00:00:00+00:00,3612.01,3698.6,3564.19,3683.31,365309.9205
2025-08-07T00:00:00+00:00,3683.31,3927.77,3647.63,3910.31,631678.9872
2025-08-08T00:00:00+00:00,3910.3,4071.0,3880.0,4009.5,723300.0109
2025-08-09T00:00:00+00:00,4009.51,4326.2,4006.63,4260.62,691932.1048
2025-08-10T00:00:00+00:00,4260.63,4332.6,4153.07,4250.57,494843.8105
2025-08-11T00:00:00+00:00,4250.58,4366.46,4166.77,4223.22,722664.04
2025-08-12T00:00:00+00:00,4223.22,4639.7,4219.04,4590.52,885288.0652
2025-08-13T00:00:00+00:00,4590.52,4783.85,4564.33,4749.3,925931.4988
2025-08-14T00:00:00+00:00,4749.31,4788.0,4451.33,4546.84,1265449.0453
2025-08-15T00:00:00+00:00,4546.84,4672.67,4368.0,4439.47,880409.2591
2025-08-16T00:00:00+00:00,4439.47,4490.42,4372.54,4421.99,358676.5884
2025-08-17T00:00:00+00:00,4422.0,4576.0,4393.98,4472.33,442461.3829
2025-08-18T00:00:00+00:00,4472.34,4481.88,4225.86,4312.99,823188.1269
2025-08-19T00:00:00+00:00,4312.99,4355.0,4067.34,4075.59,831222.7951
2025-08-20T00:00:00+00:00,4075.58,4378.0,4060.0,4336.16,728324.8933
2025-08-21T00:00:00+00:00,4336.16,4340.26,4204.2,4225.3,433836.3992
2025-08-22T00:00:00+00:00,4225.3,4887.59,4207.39,4832.07,1277976.63526
2025-08-23T00:00:00+00:00,4832.07,4832.07,4659.7,4778.4,512442.0888
2025-08-24T00:00:00+00:00,4778.4,4956.78,4711.0,4780.15,780668.77842
2025-08-25T00:00:00+00:00,4780.15,4797.97,4334.13,4376.18,1043917.1659
2025-08-26T00:00:00+00:00,4376.17,4633.46,4311.04,4600.63,834750.2767
2025-08-27T00:00:00+00:00,4600.63,4663.93,4481.53,4506.71,606669.3611
2025-08-28T00:00:00+00:00,4506.71,4633.97,4430.0,4511.21,485243.4027
2025-08-29T00:00:00+00:00,4511.2,4516.75,4265.0,4360.18,679063.8777
2025-08-30T00:00:00+00:00,4360.18,4415.61,4257.2,4373.7,340319.1826
2025-08-31T00:00:00+00:00,4373.7,4498.47,4372.63,4391.83,356586.1861
2025-09-01T00:00:00+00:00,4391.83,4491.84,4210.61,4314.5,513830.0395
2025-09-02T00:00:00+00:00,4314.5,4416.78,4257.85,4326.5,524605.0512
2025-09-03T00:00:00+00:00,4326.49,4490.64,4283.23,4450.46,487091.6861
2025-09-04T00:00:00+00:00,4450.46,4482.05,4265.33,4297.55,471795.7096
2025-09-05T00:00:00+00:00,4297.56,4490.0,4256.03,4307.45,624169.8754
2025-09-06T00:00:00+00:00,4307.46,4329.3,4236.0,4273.14,191166.0686
2025-09-07T00:00:00+00:00,4273.15,4336.02,4270.81,4306.19,169620.8372
2025-09-08T00:00:00+00:00,4306.19,4384.06,4279.0,4306.37,372882.4355
2025-09-09T00:00:00+00:00,4306.36,4381.87,4276.76,4310.09,405485.7821
2025-09-10T00:00:00+00:00,4310.08,4453.57,4285.1,4349.32,506633.9098
2025-09-11T00:00:00+00:00,4349.33,4481.09,4338.82,4458.82,441259.6649
2025-09-12T00:00:00+00:00,4458.83,4748.4,4450.71,4712.16,510777.5402
2025-09-13T00:00:00+00:00,4712.16,4769.36,4605.0,4666.53,394393.6869
2025-09-14T00:00:00+00:00,4666.54,4692.36,4576.89,4604.49,278244.3205
2025-09-15T00:00:00+00:00,4604.48,4670.28,4466.0,4523.74,412291.9687
2025-09-16T00:00:00+00:00,4523.74,4538.25,4424.0,4501.29,293307.1099
2025-09-17T00:00:00+00:00,4501.3,4616.77,4412.0,4590.53,476981.4561
2025-09-18T00:00:00+00:00,4590.54,4644.47,4553.7,4587.66,290660.377
2025-09-19T00:00:00+00:00,4587.66,4620.72,4435.7,4468.59,331611.1482
2025-09-20T00:00:00+00:00,4468.59,4508.71,4454.45,4480.42,130781.913
2025-09-21T00:00:00+00:00,4480.41,4498.16,4443.0,4444.97,149349.8262
2025-09-22T00:00:00+00:00,4444.98,4455.76,4077.0,4199.08,708243.2348
2025-09-23T00:00:00+00:00,4199.09,4229.03,4114.39,4164.26,315227.9057
2025-09-24T00:00:00+00:00,4164.25,4206.9,4073.74,4152.81,353665.5671
2025-09-25T00:00:00+00:00,4152.81,4161.04,3815.0,3874.36,930327.6951
2025-09-26T00:00:00+00:00,3874.35,4068.3,3867.65,4032.24,575711.0859
2025-09-27T00:00:00+00:00,4032.24,4039.01,3972.98,4018.38,172693.2638
2025-09-28T00:00:00+00:00,4018.39,4144.88,3966.0,4142.16,240331.8589
2025-09-29T00:00:00+00:00,4142.16,4235.86,4082.25,4215.07,380728.6784
2025-09-30T00:00:00+00:00,4215.07,4245.0,4092.1,4145.15,391126.6172
2025-10-01T00:00:00+00:00,4145.15,4355.46,4123.08,4348.03,507026.3822
2025-10-02T00:00:00+00:00,4348.03,4516.74,4332.73,4484.35,526411.1571
2025-10-03T00:00:00+00:00,4484.35,4591.59,4428.0,4512.87,485684.0267
2025-10-04T00:00:00+00:00,4512.88,4517.93,4440.0,4487.15,199732.7088
2025-10-05T00:00:00+00:00,4487.16,4618.17,4467.05,4514.32,506587.9614
2025-10-06T00:00:00+00:00,4514.32,4735.93,4488.25,4684.01,456200.6528
2025-10-07T00:00:00+00:00,4684.02,4755.0,4430.43,4447.7,640685.9319
2025-10-08T00:00:00+00:00,4447.7,4558.0,4410.08,4525.72,399904.3287
2025-10-09T00:00:00+00:00,4525.72,4531.52,4265.06,4368.09,515978.1829
2025-10-10T00:00:00+00:00,4368.09,4393.63,3435.0,3829.72,1493971.0244
2025-10-11T00:00:00+00:00,3829.72,3878.3,3643.33,3746.79,789885.6582
2025-10-12T00:00:00+00:00,3746.8,4197.7,3694.74,4152.29,811308.152
2025-10-13T00:00:00+00:00,4152.29,4292.0,4042.29,4240.85,622813.9247
2025-10-14T00:00:00+00:00,4240.86,4263.38,3888.74,4125.02,962996.7658
2025-10-15T00:00:00+00:00,4125.01,4217.6,3926.74,3985.61,626081.6966
2025-10-16T00:00:00+00:00,3985.61,4086.49,3826.04,3894.51,643804.6163
2025-10-17T00:00:00+00:00,3894.5,3950.45,3674.5,3831.57,830127.0885
2025-10-18T00:00:00+00:00,3831.58,3927.73,3819.07,3889.21,250710.6121
2025-10-19T00:00:00+00:00,3889.2,4030.94,3827.04,3982.58,408538.2545
2025-10-20T00:00:00+00:00,3982.58,4085.3,3908.73,3979.22,511382.3301
2025-10-21T00:00:00+00:00,3979.22,4110.0,3840.24,3873.05,590594.1382
2025-10-22T00:00:00+00:00,3873.04,3889.27,3710.0,3805.53,593130.0905
2025-10-23T00:00:00+00:00,3805.53,3934.86,3796.54,3856.8,477231.0181
2025-10-24T00:00:00+00:00,3856.8,4026.39,3845.86,3934.88,425926.9383
2025-10-25T00:00:00+00:00,3934.88,3969.22,3912.4,3953.82,138526.3338
2025-10-26T00:00:00+00:00,3953.81,4178.78,3919.03,4158.46,344698.0918
2025-10-27T00:00:00+00:00,4158.46,4253.72,4095.0,4120.15,487131.2291
2025-10-28T00:00:00+00:00,4120.16,4175.55,3931.33,3979.2,472965.8377
2025-10-29T00:00:00+00:00,3979.19,4036.66,3840.37,3902.99,486452.3127
2025-10-30T00:00:00+00:00,3903.0,3948.74,3680.0,3805.09,531455.9923
2025-10-31T00:00:00+00:00,3804.95,3906.09,3796.36,3847.99,478636.2995
2025-11-01T00:00:00+00:00,3848.0,3909.39,3831.0,3873.77,152998.1626
2025-11-02T00:00:00+00:00,3873.78,3918.23,3839.12,3906.58,216083.1542
2025-11-03T00:00:00+00:00,3906.58,3914.29,3558.82,3603.83,877187.3852
2025-11-04T00:00:00+00:00,3603.84,3654.54,3057.0,3287.05,1568004.2379
2025-11-05T00:00:00+00:00,3287.05,3480.46,3166.66,3424.29,809591.5132
2025-11-06T00:00:00+00:00,3424.29,3456.46,3245.45,3315.14,566363.7003
2025-11-07T00:00:00+00:00,3315.14,3473.0,3194.2,3436.05,683417.3854
2025-11-08T00:00:00+00:00,3436.04,3488.0,3355.58,3401.51,291532.2881
2025-11-09T00:00:00+00:00,3401.51,3623.25,3358.66,3583.46,464098.052
2025-11-10T00:00:00+00:00,3583.46,3658.98,3507.3,3567.85,595273.0298
2025-11-11T00:00:00+00:00,3567.85,3648.27,3405.24,3417.76,660283.2747
2025-11-12T00:00:00+00:00,3417.76,3588.19,3371.65,3414.92,553101.9368
2025-11-13T00:00:00+00:00,3414.91,3565.84,3154.22,3231.54,951989.1347
2025-11-14T00:00:00+00:00,3231.55,3256.71,3070.0,3112.4,890446.1491
2025-11-15T00:00:00+00:00,3112.4,3230.0,3110.68,3167.88,338463.4782
2025-11-16T00:00:00+00:00,3167.87,3249.0,3004.0,3095.29,570633.5809
2025-11-17T00:00:00+00:00,3095.29,3223.38,2959.46,3031.44,762500.4289
2025-11-18T00:00:00+00:00,3031.44,3169.95,2946.56,3123.66,766640.1058
2025-11-19T00:00:00+00:00,3123.65,3125.54,2873.64,3025.48,737926.7146
2025-11-20T00:00:00+00:00,3025.48,3063.61,2790.01,2834.22,912524.3718
2025-11-21T00:00:00+00:00,2834.21,2886.73,2623.57,2765.85,1180475.4085
2025-11-22T00:00:00+00:00,2765.86,2799.01,2704.33,2770.12,264691.3089
2025-11-23T00:00:00+00:00,2770.12,2858.16,2768.29,2802.16,409808.5734
2025-11-24T00:00:00+00:00,2802.16,2987.0,2763.0,2953.38,715279.7551
2025-11-25T00:00:00+00:00,2953.38,2980.82,2857.32,2959.36,427686.4528
2025-11-26T00:00:00+00:00,2959.36,3045.0,2888.69,3026.56,364535.326
2025-11-27T00:00:00+00:00,3026.56,3071.37,2985.78,3015.23,274980.3955
2025-11-28T00:00:00+00:00,3015.23,3099.0,2994.36,3031.15,346616.0275
2025-11-29T00:00:00+00:00,3031.14,3052.64,2961.91,2989.16,217904.1303
2025-11-30T00:00:00+00:00,2989.17,3053.02,2975.3,2991.26,182722.4253
2025-12-01T00:00:00+00:00,2991.25,2999.47,2716.04,2799.07,849002.9909
2025-12-02T00:00:00+00:00,2799.07,3033.76,2782.19,2996.07,523707.3586
2025-12-03T00:00:00+00:00,2996.07,3214.99,2985.58,3188.36,553669.8146
2025-12-04T00:00:00+00:00,3188.39,3240.35,3066.37,3133.26,486698.3987
2025-12-05T00:00:00+00:00,3133.26,3193.33,2983.08,3021.78,530382.8986
2025-12-06T00:00:00+00:00,3021.77,3069.0,3012.58,3038.06,159721.2488
2025-12-07T00:00:00+00:00,3038.06,3150.0,2907.52,3059.85,391129.675
2025-12-08T00:00:00+00:00,3059.86,3180.51,3040.87,3124.16,452820.2207
2025-12-09T00:00:00+00:00,3124.16,3397.85,3090.8,3318.04,603859.9458
2025-12-10T00:00:00+00:00,3318.04,3447.44,3288.1,3324.14,539585.4535
2025-12-11T00:00:00+00:00,3324.14,3327.37,3145.28,3237.39,504114.2391
2025-12-12T00:00:00+00:00,3237.38,3265.5,3045.31,3084.86,435686.4435
2025-12-13T00:00:00+00:00,3084.86,3135.68,3078.6,3114.64,136465.7567
2025-12-14T00:00:00+00:00,3114.64,3129.54,3024.44,3063.5,279058.3545
2025-12-15T00:00:00+00:00,3063.49,3177.5,2894.57,2964.85,520509.9555
2025-12-16T00:00:00+00:00,2964.85,2981.87,2876.0,2962.3,378293.1159
2025-12-17T00:00:00+00:00,2962.3,3030.92,2791.02,2833.49,497630.4162
2025-12-18T00:00:00+00:00,2833.5,2997.4,2775.19,2828.57,595253.7997
2025-12-19T00:00:00+00:00,2828.56,3020.0,2808.63,2979.5,531702.5439
2025-12-20T00:00:00+00:00,2979.49,2994.41,2964.17,2977.93,91783.7734
2025-12-21T00:00:00+00:00,2977.93,3013.4,2944.0,3002.02,162244.8067
2025-12-22T00:00:00+00:00,3002.03,3077.39,2963.43,3009.49,298443.5633
2025-12-23T00:00:00+00:00,3009.48,3035.79,2900.93,2965.02,386465.747
2025-12-24T00:00:00+00:00,2965.03,2978.15,2888.7,2947.47,197035.5598
2025-12-25T00:00:00+00:00,2947.48,2971.46,2891.2,2903.95,188721.2981
2025-12-26T00:00:00+00:00,2903.9,2994.38,2894.26,2927.99,314830.9989
2025-12-27T00:00:00+00:00,2928.0,2960.89,2917.13,2949.05,95040.3956
2025-12-28T00:00:00+00:00,2949.05,2961.23,2924.54,2950.91,128834.139
2025-12-29T00:00:00+00:00,2950.91,3057.78,2910.25,2937.9,485959.1824
2025-12-30T00:00:00+00:00,2937.91,3009.8,2919.44,2973.69,286583.2879
2025-12-31T00:00:00+00:00,2973.69,3028.08,2958.91,2971.64,233729.5887
2026-01-01T00:00:00+00:00,2971.65,3010.0,2971.15,3004.19,136088.5207
2026-01-02T00:00:00+00:00,3004.19,3150.01,2992.49,3125.45,369891.2449
2026-01-03T00:00:00+00:00,3125.46,3136.71,3076.0,3127.11,134405.2258
2026-01-04T00:00:00+00:00,3127.11,3167.22,3118.75,3144.7,181576.0686
2026-01-05T00:00:00+00:00,3144.71,3265.66,3135.02,3224.99,382446.6618
2026-01-06T00:00:00+00:00,3224.99,3308.86,3183.27,3296.84,412503.5066
2026-01-07T00:00:00+00:00,3296.83,3296.84,3125.42,3168.72,321350.1225
2026-01-08T00:00:00+00:00,3168.72,3184.39,3054.65,3106.65,343616.1005
2026-01-09T00:00:00+00:00,3106.66,3148.41,3058.69,3088.4,274587.4533
2026-01-10T00:00:00+00:00,3088.4,3104.12,3077.99,3086.72,82341.0546
2026-01-11T00:00:00+00:00,3086.72,3147.27,3084.46,3123.45,149381.2965
2026-01-12T00:00:00+00:00,3123.46,3171.49,3065.55,3095.75,297373.4681
2026-01-13T00:00:00+00:00,3095.75,3367.79,3091.96,3325.82,457782.2816
2026-01-14T00:00:00+00:00,3325.83,3402.89,3280.48,3354.92,503440.0759
2026-01-15T00:00:00+00:00,3354.92,3384.19,3273.72,3318.69,389993.836
2026-01-16T00:00:00+00:00,3318.7,3326.79,3253.01,3296.28,223921.7876
2026-01-17T00:00:00+00:00,3296.28,3330.26,3283.96,3310.56,124325.0303
2026-01-18T00:00:00+00:00,3310.56,3368.82,3278.86,3284.03,173354.3026
2026-01-19T00:00:00+00:00,3284.04,3284.58,3165.38,3189.55,442540.5596
2026-01-20T00:00:00+00:00,3189.56,3200.5,2920.0,2939.88,518166.4787
2026-01-21T00:00:00+00:00,2939.88,3069.07,2866.11,2982.27,577800.2481
2026-01-22T00:00:00+00:00,2982.28,3038.33,2906.02,2952.69,291660.7349
2026-01-23T00:00:00+00:00,2952.7,3019.26,2892.4,2956.41,318415.3317
2026-01-24T00:00:00+00:00,2956.41,2970.41,2943.84,2953.22,92082.9039
2026-01-25T00:00:00+00:00,2953.23,2960.29,2787.0,2816.89,380186.5326
2026-01-26T00:00:00+00:00,2816.9,2951.21,2812.37,2930.35,485169.3372
2026-01-27T00:00:00+00:00,2930.35,3035.08,2899.77,3026.77,478792.3988
2026-01-28T00:00:00+00:00,3026.77,3045.78,2983.67,3010.78,296607.6549
2026-01-29T00:00:00+00:00,3010.78,3013.5,2754.53,2822.59,561288.5979
2026-01-30T00:00:00+00:00,2822.6,2828.65,2636.01,2707.38,793279.6252
2026-01-31T00:00:00+00:00,2707.37,2714.64,2250.0,2451.95,1113097.7132
2026-02-01T00:00:00+00:00,2451.96,2475.98,2222.0,2270.15,1026573.9466
2026-02-02T00:00:00+00:00,2270.16,2396.62,2157.14,2347.02,1248535.2114
2026-02-03T00:00:00+00:00,2347.01,2359.88,2110.0,2233.72,1321099.3867
2026-02-04T00:00:00+00:00,2233.72,2295.74,2076.68,2148.26,1264743.43
2026-02-05T00:00:00+00:00,2148.25,2173.77,1818.18,1826.83,1952286.6951
2026-02-06T00:00:00+00:00,1826.83,2093.94,1747.8,2063.38,2102311.5573
2026-02-07T00:00:00+00:00,2063.37,2121.7,1994.57,2087.08,1142616.4487
2026-02-08T00:00:00+00:00,2087.08,2152.03,2064.1,2089.74,482837.2515
2026-02-09T00:00:00+00:00,2089.73,2147.73,2008.62,2105.02,625378.5569
2026-02-10T00:00:00+00:00,2105.02,2124.71,1989.38,2022.67,574321.6908
2026-02-11T00:00:00+00:00,2022.67,2032.31,1903.19,1941.18,529655.8177
2026-02-12T00:00:00+00:00,1941.19,2001.42,1897.24,1947.85,427567.1469
2026-02-13T00:00:00+00:00,1947.85,2073.68,1924.72,2048.72,425649.7698
2026-02-14T00:00:00+00:00,2048.72,2107.67,2042.37,2086.59,220677.2355
2026-02-15T00:00:00+00:00,2086.59,2103.32,1928.88,1966.58,834778.0952
2026-02-16T00:00:00+00:00,1966.59,2023.51,1937.24,1998.33,351347.9433
2026-02-17T00:00:00+00:00,1998.34,2015.33,1941.66,1991.66,406246.9427
2026-02-18T00:00:00+00:00,1991.67,2039.05,1923.78,1955.91,393639.0086
2026-02-19T00:00:00+00:00,1955.9,1987.55,1907.0,1949.08,300257.0733
2026-02-20T00:00:00+00:00,1949.08,1981.18,1922.97,1968.88,386253.5557
2026-02-21T00:00:00+00:00,1968.88,1995.56,1955.62,1973.35,179173.8456
2026-02-22T00:00:00+00:00,1973.35,1983.13,1935.0,1957.82,155325.6482
2026-02-23T00:00:00+00:00,1957.82,1958.33,1837.13,1856.3,547359.4869
2026-02-24T00:00:00+00:00,1856.3,1869.58,1800.0,1851.94,438064.0284
2026-02-25T00:00:00+00:00,1851.95,2148.39,1846.74,2057.48,682979.4378
2026-02-26T00:00:00+00:00,2057.48,2083.33,1975.35,2027.68,439783.3566
2026-02-27T00:00:00+00:00,2027.68,2063.52,1887.0,1929.84,428687.234
2026-02-28T00:00:00+00:00,1929.84,1984.99,1835.36,1964.51,461680.9835
2026-03-01T00:00:00+00:00,1964.51,2054.8,1907.41,1939.71,529196.8464
2026-03-02T00:00:00+00:00,1939.71,2090.0,1920.0,2027.35,577406.3749
2026-03-03T00:00:00+00:00,2027.34,2041.48,1929.56,1982.8,509329.8534
2026-03-04T00:00:00+00:00,1982.81,2199.0,1945.08,2127.28,737644.8152
2026-03-05T00:00:00+00:00,2127.28,2163.66,2054.75,2072.86,432157.8126
2026-03-06T00:00:00+00:00,2072.86,2093.33,1955.95,1978.68,411597.7569
2026-03-07T00:00:00+00:00,1978.68,1996.04,1948.09,1969.59,184459.82
2026-03-08T00:00:00+00:00,1969.6,1979.8,1916.14,1937.1,391189.7317
2026-03-09T00:00:00+00:00,1937.11,2053.52,1929.65,1992.98,550825.4883
2026-03-10T00:00:00+00:00,1992.97,2088.19,1991.0,2036.51,463411.8739
2026-03-11T00:00:00+00:00,2036.5,2085.58,2007.17,2051.97,350061.256
2026-03-12T00:00:00+00:00,2051.97,2095.0,2017.59,2073.52,400507.8132
2026-03-13T00:00:00+00:00,2073.51,2209.03,2070.12,2092.22,599657.0399
2026-03-14T00:00:00+00:00,2092.21,2106.09,2061.6,2096.16,152500.5822
2026-03-15T00:00:00+00:00,2096.16,2202.87,2083.35,2178.3,280825.9377
2026-03-16T00:00:00+00:00,2178.29,2386.02,2164.73,2352.97,845892.7756
2026-03-17T00:00:00+00:00,2352.97,2376.66,2294.15,2317.39,493831.1016
2026-03-18T00:00:00+00:00,2317.38,2350.0,2153.21,2203.39,488040.8887
2026-03-19T00:00:00+00:00,2203.39,2233.72,2099.38,2137.81,490791.679
2026-03-20T00:00:00+00:00,2137.82,2176.84,2116.88,2146.22,300156.1778
2026-03-21T00:00:00+00:00,2146.21,2168.27,2070.78,2084.87,132559.4646
2026-03-22T00:00:00+00:00,2084.86,2127.21,2026.0,2053.89,313070.5572
2026-03-23T00:00:00+00:00,2053.9,2198.57,2023.04,2152.03,614508.4369
2026-03-24T00:00:00+00:00,2152.03,2175.16,2103.02,2156.23,316703.4728
2026-03-25T00:00:00+00:00,2156.22,2199.02,2146.35,2169.02,275641.5255
2026-03-26T00:00:00+00:00,2169.02,2172.19,2034.54,2060.43,338010.6238
2026-03-27T00:00:00+00:00,2060.43,2077.19,1970.93,1992.75,394873.5248
2026-03-28T00:00:00+00:00,1992.76,2047.45,1983.17,1994.74,154831.8055
2026-03-29T00:00:00+00:00,1994.74,2019.65,1938.82,1984.64,166726.7382
2026-03-30T00:00:00+00:00,1984.65,2085.0,1980.28,2026.48,338304.4344
2026-03-31T00:00:00+00:00,2026.48,2124.03,2012.64,2105.43,421897.9023
2026-04-01T00:00:00+00:00,2105.43,2167.85,2082.08,2140.35,399227.3779
2026-04-02T00:00:00+00:00,2140.35,2159.37,2017.04,2057.17,346872.8323
2026-04-03T00:00:00+00:00,2057.18,2081.76,2040.66,2053.83,136266.6393
2026-04-04T00:00:00+00:00,2053.83,2084.0,2044.63,2065.52,86504.4406
2026-04-05T00:00:00+00:00,2065.51,2123.49,2021.5,2110.17,157353.3199
2026-04-06T00:00:00+00:00,2110.17,2174.79,2087.5,2107.16,356054.2894
2026-04-07T00:00:00+00:00,2107.16,2273.87,2060.24,2240.01,460094.8093
2026-04-08T00:00:00+00:00,2240.01,2270.55,2179.78,2190.0,404717.6321
2026-04-09T00:00:00+00:00,2190.0,2246.0,2157.31,2190.2,275317.9503
2026-04-10T00:00:00+00:00,2190.17,2257.99,2176.1,2245.05,272899.0858
2026-04-11T00:00:00+00:00,2245.06,2329.93,2229.0,2284.99,214785.4039
2026-04-12T00:00:00+00:00,2285.0,2288.57,2175.0,2191.65,258156.8821
2026-04-13T00:00:00+00:00,2191.64,2394.71,2175.68,2369.46,453870.8292
2026-04-14T00:00:00+00:00,2369.46,2415.5,2302.9,2322.44,460107.3841
2026-04-15T00:00:00+00:00,2322.44,2385.61,2308.5,2359.95,268190.6377
2026-04-16T00:00:00+00:00,2359.94,2369.59,2285.1,2348.17,328960.9377
2026-04-17T00:00:00+00:00,2348.16,2464.91,2317.43,2419.0,491731.3615
2026-04-18T00:00:00+00:00,2419.0,2427.64,2339.92,2350.32,221741.3888
2026-04-19T00:00:00+00:00,2350.33,2355.3,2252.72,2263.27,256086.8276
2026-04-20T00:00:00+00:00,2263.28,2346.78,2259.67,2313.85,301000.0659
2026-04-21T00:00:00+00:00,2313.84,2338.75,2284.19,2327.14,226645.977
2026-04-22T00:00:00+00:00,2327.15,2423.75,2312.95,2374.07,379707.1259
2026-04-23T00:00:00+00:00,2374.08,2382.0,2285.42,2330.26,356645.6923
2026-04-24T00:00:00+00:00,2330.27,2337.5,2300.22,2314.99,183887.6181
2026-04-25T00:00:00+00:00,2314.98,2323.21,2300.55,2319.5,68139.2191
2026-04-26T00:00:00+00:00,2319.49,2380.0,2306.72,2369.44,154591.6219
2026-04-27T00:00:00+00:00,2369.45,2404.37,2266.09,2303.67,300363.8586
2026-04-28T00:00:00+00:00,2303.66,2310.88,2258.24,2289.42,187932.2201
2026-04-29T00:00:00+00:00,2289.42,2346.95,2220.36,2252.9,355078.1015
2026-04-30T00:00:00+00:00,2252.9,2279.0,2231.64,2257.51,167194.2776
2026-05-01T00:00:00+00:00,2257.51,2325.28,2257.21,2295.63,191082.555
2026-05-02T00:00:00+00:00,2295.63,2343.6,2292.91,2316.97,85588.4724
2026-05-03T00:00:00+00:00,2316.97,2356.92,2297.59,2322.65,151074.4342
2026-05-04T00:00:00+00:00,2322.65,2398.93,2309.24,2347.16,453020.7985
2026-05-05T00:00:00+00:00,2347.17,2399.5,2344.93,2360.77,286636.7312
2026-05-06T00:00:00+00:00,2360.76,2423.74,2338.0,2350.84,420667.3161
2026-05-07T00:00:00+00:00,2350.84,2352.3,2280.1,2291.06,469521.9378
2026-05-08T00:00:00+00:00,2291.06,2321.22,2265.61,2307.06,421035.1582
2026-05-09T00:00:00+00:00,2307.07,2338.37,2300.0,2326.44,230431.157
2026-05-10T00:00:00+00:00,2326.43,2382.53,2311.83,2371.27,398122.8623
2026-05-11T00:00:00+00:00,2371.26,2374.92,2304.0,2339.87,236962.0552
2026-05-12T00:00:00+00:00,2339.88,2340.85,2256.27,2274.96,252981.1082
2026-05-13T00:00:00+00:00,2274.97,2323.36,2234.13,2258.65,258455.7299
2026-05-14T00:00:00+00:00,2258.66,2319.33,2238.64,2283.25,256680.8359
2026-05-15T00:00:00+00:00,2283.26,2300.29,2205.11,2224.66,288536.5507
2026-05-16T00:00:00+00:00,2224.65,2231.51,2162.55,2180.77,199288.5761
2026-05-17T00:00:00+00:00,2180.77,2198.14,2091.48,2131.0,175116.8149
2026-05-18T00:00:00+00:00,2131.0,2157.24,2077.23,2130.08,381878.3932
2026-05-19T00:00:00+00:00,2130.08,2146.95,2094.47,2111.93,186945.075
2026-05-20T00:00:00+00:00,2111.93,2149.0,2103.29,2129.44,189088.294
2026-05-21T00:00:00+00:00,2129.44,2157.5,2105.15,2133.76,232889.1117
2026-05-22T00:00:00+00:00,2133.77,2141.39,2057.79,2065.85,221783.2548
2026-05-23T00:00:00+00:00,2065.86,2149.95,2009.3,2117.68,350546.2289
2026-05-24T00:00:00+00:00,2117.69,2132.14,2063.0,2099.85,197748.7605
2026-05-25T00:00:00+00:00,2099.86,2141.98,2092.26,2113.01,166428.5979
2026-05-26T00:00:00+00:00,2113.01,2140.49,2055.06,2073.77,282553.3096
2026-05-27T00:00:00+00:00,2073.77,2097.4,2016.0,2024.84,267963.1573
2026-05-28T00:00:00+00:00,2024.83,2030.0,1967.0,2009.9,363834.9211
2026-05-29T00:00:00+00:00,2009.89,2046.59,1976.48,2014.54,283145.695
2026-05-30T00:00:00+00:00,2014.54,2032.0,2002.0,2022.44,97977.5349
2026-05-31T00:00:00+00:00,2022.44,2038.0,1993.75,2007.01,163735.4958
2026-06-01T00:00:00+00:00,2007.02,2021.5,1956.04,2006.73,374428.2839
2026-06-02T00:00:00+00:00,2006.73,2006.78,1839.02,1859.84,556885.5418
2026-06-03T00:00:00+00:00,1859.84,1893.07,1769.62,1813.05,584760.4818
2026-06-04T00:00:00+00:00,1813.05,1820.5,1717.28,1770.77,648306.1051
2026-06-05T00:00:00+00:00,1770.76,1774.99,1540.19,1583.4,1257013.1608
2026-06-06T00:00:00+00:00,1583.4,1601.22,1505.68,1569.69,558458.3672
2026-06-07T00:00:00+00:00,1569.68,1721.93,1564.1,1690.51,458280.5909
2026-06-08T00:00:00+00:00,1690.5,1714.5,1645.0,1690.49,480027.3121
2026-06-09T00:00:00+00:00,1690.48,1696.88,1614.02,1639.52,384147.2349
2026-06-10T00:00:00+00:00,1639.52,1667.96,1603.44,1621.59,290791.2819
2026-06-11T00:00:00+00:00,1621.6,1693.59,1621.6,1673.46,278507.7204
2026-06-12T00:00:00+00:00,1673.46,1691.07,1652.09,1666.41,201888.0102
2026-06-13T00:00:00+00:00,1666.42,1697.28,1662.2,1681.18,106751.6077
2026-06-14T00:00:00+00:00,1681.19,1732.28,1654.9,1725.62,178009.9541
2026-06-15T00:00:00+00:00,1725.63,1849.54,1709.66,1796.13,464135.2553
2026-06-16T00:00:00+00:00,1796.14,1839.77,1758.0,1792.99,353577.549
2026-06-17T00:00:00+00:00,1793.0,1810.21,1725.34,1750.6,334498.0575
2026-06-18T00:00:00+00:00,1750.61,1762.99,1671.79,1711.11,312480.9656
2026-06-19T00:00:00+00:00,1711.11,1719.51,1679.11,1711.19,165078.1984
2026-06-20T00:00:00+00:00,1711.18,1749.55,1704.06,1741.08,159791.8211
2026-06-21T00:00:00+00:00,1741.08,1741.45,1702.0,1706.94,123762.4689
2026-06-22T00:00:00+00:00,1706.94,1779.9,1706.94,1728.19,262657.182
2026-06-23T00:00:00+00:00,1728.19,1736.25,1635.65,1667.13,248262.012
2026-06-24T00:00:00+00:00,1667.13,1693.67,1552.95,1622.17,355728.3403
2026-06-25T00:00:00+00:00,1622.18,1660.54,1532.9,1558.47,392635.7262
